player,mp,bpm
Kevin Durant,2840,4.5
Desmond Bane,2756,1.4
Toumani Camara,2731,-1.0
Jabari Smith Jr.,2705,-0.7
Mikal Bridges,2692,2.7
Scottie Barnes,2681,4.2
Tyrese Maxey,2661,5.4
Jamal Murray,2652,4.1
Derrick White,2625,3.2
VJ Edgecombe,2623,-0.5
Julius Randle,2610,1.5
Brandon Ingram,2604,0.5
Nickeil Alexander-Walker,2603,1.2
Jalen Brunson,2590,3.1
Payton Pritchard,2556,2.3
Kon Knueppel,2551,2.8
Jalen Johnson,2532,4.2
Dyson Daniels,2520,1.3
Paolo Banchero,2502,1.4
Donte DiVincenzo,2494,0.8
Jaylen Brown,2443,3.3
James Harden,2438,3.9
DeMar DeRozan,2406,-0.1
Alperen Şengün,2398,4.2
Miles Bridges,2387,1.1
Rudy Gobert,2380,1.0
Ryan Rollins,2376,0.2
Bam Adebayo,2365,2.0
Cooper Flagg,2344,1.4
Donovan Mitchell,2342,5.1
Trey Murphy III,2341,2.4
Brandin Podziemski,2333,0.2
Karl-Anthony Towns,2322,3.3
Jaden McDaniels,2316,-0.3
Onyeka Okongwu,2297,0.7
Luka Dončić,2289,9.3
Wendell Carter Jr.,2288,-0.6
Collin Gillespie,2282,2.5
Bub Carrington,2271,-4.7
A.J. Green,2270,-3.3
Julian Champagnie,2266,1.4
CJ McCollum,2264,-0.3
Shai Gilgeous-Alexander,2259,11.7
Matas Buzelis,2248,-1.0
Saddiq Bey,2246,0.5
Max Christie,2244,-1.5
De'Aaron Fox,2231,2.2
Immanuel Quickley,2231,2.4
Kris Dunn,2230,-0.8
OG Anunoby,2224,2.0
Royce O'Neale,2213,0.7
Quentin Grimes,2206,-1.6
Deni Avdija,2199,4.3
Naji Marshall,2184,-0.6
Cade Cunningham,2172,6.3
Reed Sheppard,2147,2.7
Devin Booker,2146,2.2
Anthony Edwards,2137,4.5
Tim Hardaway Jr.,2127,-0.7
Jaime Jaquez Jr.,2121,0.1
Duncan Robinson,2113,0.8
Jeremiah Fears,2112,-2.7
Donovan Clingan,2094,3.0
Kawhi Leonard,2085,8.0
Evan Mobley,2074,3.0
Andrew Wiggins,2063,1.2
Jake LaRavia,2061,-1.2
Pascal Siakam,2057,0.7
Cason Wallace,2046,1.2
Devin Vassell,2044,0.5
Stephon Castle,2038,1.9
Derik Queen,2023,-0.8
LaMelo Ball,2017,4.7
Naz Reid,2007,0.9
Davion Mitchell,2000,-0.9
Bruce Brown,1998,-2.4
Chet Holmgren,1997,4.2
Josh Hart,1994,3.0
LeBron James,1989,3.5
Ace Bailey,1988,-4.4
Harrison Barnes,1986,-0.1
Jalen Duren,1976,5.0
Brandon Miller,1968,1.6
Maxime Raynaud,1964,-2.4
Deandre Ayton,1958,-0.9
Jarace Walker,1953,-2.4
Sam Hauser,1934,0.6
Rui Hachimura,1927,-2.2
Neemias Queta,1926,2.8
Nic Claxton,1920,0.9
Myles Turner,1912,-0.9
Keldon Johnson,1911,0.9
Anthony Black,1910,-0.6
Tristan Da Silva,1899,-0.6
Moussa Diabaté,1899,1.7
Ausar Thompson,1896,3.1
Nique Clifford,1882,-4.9
Ayo Dosunmu,1881,1.0
John Collins,1872,-0.5
Draymond Green,1869,-1.4
Victor Wembanyama,1866,10.7
Russell Westbrook,1853,-0.4
Jamal Shead,1852,-2.3
Pelle Larsson,1849,-1.2
Luguentz Dort,1849,-2.0
Sion James,1843,-2.0
Zion Williamson,1841,2.9
Jaylen Wells,1821,-3.1
Nikola Vučević,1818,1.5
Oso Ighodaro,1808,0.1
Kyle Kuzma,1806,-2.3
Kyle Filipowski,1801,-1.1
Andrew Nembhard,1786,-0.8
Keyonte George,1786,0.9
Noah Clowney,1780,-3.4
Jaylon Tyson,1777,0.1
Marcus Smart,1769,-2.2
Brice Sensabaugh,1762,-2.6
Austin Reaves,1762,2.8
Tre Jones,1752,1.3
Sandro Mamukelashvili,1751,2.8
Tobias Harris,1746,1.4
Precious Achiuwa,1745,-1.6
P.J. Washington,1736,-1.6
Josh Giddey,1731,2.7
RJ Barrett,1726,0.2
Jay Huff,1719,0.4
Norman Powell,1717,1.6
Cam Spencer,1714,2.2
Kel'el Ware,1704,2.1
Dillon Brooks,1702,-2.3
Dennis Schröder,1697,-2.2
Isaac Okoro,1695,-3.8
Jerami Grant,1695,0.0
Dominick Barlow,1689,-1.1
Michael Porter Jr.,1689,3.0
Luke Kennard,1681,0.1
Cameron Johnson,1647,-0.6
Brook Lopez,1635,-0.9
Will Riley,1633,-4.5
Cody Williams,1631,-5.5
Bennedict Mathurin,1620,-2.5
Bobby Portis,1619,0.0
Collin Sexton,1614,0.6
Cedric Coward,1598,-0.2
Peyton Watson,1598,-1.2
Herbert Jones,1588,-3.1
Jalen Suggs,1574,2.5
Kelly Oubre Jr.,1574,-1.4
Jordan Goodwin,1572,1.8
Jrue Holiday,1560,1.9
Dylan Harper,1558,1.4
Ron Holland,1551,-2.0
Tari Eason,1549,-1.6
Kevin Huerter,1549,-0.6
Moses Moody,1540,-0.1
Terance Mann,1529,-3.4
Jarrett Allen,1519,2.6
Isaiah Collier,1517,-2.4
Isaiah Joe,1507,2.5
Jock Landale,1506,-0.1
Zaccharie Risacher,1503,-2.5
Klay Thompson,1497,-1.4
Ryan Kalkbrenner,1479,1.8
Keon Ellis,1478,-0.5
Ja'Kobe Walter,1474,-0.3
Patrick Williams,1474,-4.5
Ajay Mitchell,1473,1.9
Shaedon Sharpe,1471,-1.4
Bilal Coulibaly,1468,-2.1
Grayson Allen,1467,2.1
Brandon Williams,1463,0.4
Daniss Jenkins,1455,-0.7
Jaren Jackson Jr.,1454,-0.6
Javonte Green,1446,2.1
Ivica Zubac,1446,-0.3
Tre Johnson,1443,-5.0
Lauri Markkanen,1443,2.6
Khris Middleton,1439,-4.4
Sidy Cissoko,1435,-4.0
Luke Kornet,1430,3.6
Baylor Scheierman,1429,0.6
Spencer Jones,1417,-2.4
Mark Williams,1416,2.0
Aaron Wiggins,1414,-0.9
Walter Clayton,1410,-4.3
Christian Braun,1399,-1.2
Gui Santos,1395,-0.6
Vít Krejčí,1392,-1.6
Kyshawn George,1391,-1.2
Ben Sheppard,1390,-3.0
Justin Champagnie,1377,-0.4
Will Richard,1377,-1.7
Gary Trent Jr.,1377,-5.4
Sam Merrill,1377,0.1
Anfernee Simons,1372,-0.1
Jose Alvarado,1370,-1.0
Malik Monk,1364,-1.3
Ryan Dunn,1355,-0.9
Josh Okogie,1354,-1.2
Kobe Sanders,1351,-2.9
Derrick Jones Jr.,1350,-0.7
Darius Garland,1344,-0.2
Aaron Nesmith,1335,-3.4
Kris Murray,1333,-1.5
Stephen Curry,1329,5.4
Jordan Miller,1325,0.2
Drake Powell,1320,-6.0
Jericho Sims,1318,-3.1
Dean Wade,1318,0.2
Isaiah Stewart,1317,0.0
Egor Dёmin,1308,-1.6
Alex Sarr,1305,0.7
Yves Missi,1297,-1.7
Nicolas Batum,1295,-1.0
Ziaire Williams,1281,-1.7
Jordan Clarkson,1279,-3.3
Jaylin Williams,1277,2.7
Kevin Porter Jr.,1261,2.1
Coby White,1249,-1.3
Collin Murray-Boyles,1246,1.0
Nolan Traoré,1243,-6.8
Adem Bona,1234,-2.9
Andre Drummond,1231,-0.6
Pat Spencer,1229,-2.3
Zach LaVine,1224,-1.5
Jordan Walsh,1212,0.2
Jaxson Hayes,1207,1.2
Joel Embiid,1201,4.9
Marvin Bagley III,1201,0.8
Santi Aldama,1198,1.7
Daniel Gafford,1195,0.7
Danny Wolf,1187,-2.5
Jimmy Butler,1182,5.5
Mouhamed Gueye,1179,-1.3
GG Jackson II,1178,-1.2
Bones Hyland,1177,1.7
De'Andre Hunter,1176,-3.9
Mitchell Robinson,1175,3.5
Simone Fontecchio,1173,0.5
Ryan Nembhard,1171,-4.1
Landry Shamet,1171,-0.3
Day'Ron Sharpe,1160,1.4
Jared McCain,1160,-2.4
Quinten Post,1159,-1.1
Svi Mykhailiuk,1156,-1.7
Caris LeVert,1154,-0.4
Jakob Poeltl,1149,1.6
Craig Porter Jr.,1148,2.0
Gary Payton II,1142,1.9
Dru Smith,1141,2.2
Isaiah Hartenstein,1137,4.2
Paul George,1135,1.7
Jarred Vanderbilt,1128,-1.5
De'Anthony Melton,1125,-2.5
Luka Garza,1118,2.4
Taylor Hendricks,1118,-2.4
John Konchar,1115,0.9
Ousmane Dieng,1099,-3.8
Jalen Smith,1095,-0.7
Kentavious Caldwell-Pope,1088,-2.5
Hugo González,1084,-1.5
Jusuf Nurkić,1083,1.1
Miles McBride,1080,1.2
Corey Kispert,1080,-1.9
Rayan Rupert,1072,-5.1
Gradey Dick,1067,-3.6
Giannis Antetokounmpo,1039,9.5
Tyler Herro,1033,2.0
Jamir Watkins,1032,-3.3
Alex Caruso,1020,1.9
Franz Wagner,1019,2.5
Caleb Love,1013,-3.1
Robert Williams,1008,4.5
Guerschon Yabusele,1007,-2.2
Aaron Gordon,1005,1.7
Nae'Qwan Tomlin,1004,-2.1
Mike Conley,991,-1.3
Olivier-Maxence Prosper,984,-0.1
Tyus Jones,979,-2.4
Justin Edwards,977,-1.3
Ochai Agbaji,973,-4.0
Goga Bitadze,972,2.8
Rob Dillingham,970,-7.3
Al Horford,969,1.6
T.J. McConnell,963,2.5
Kobe Brown,963,-2.7
Anthony Gill,951,-2.6
Kasparas Jakučionis,945,-0.4
Jalen Williams,936,2.1
Jordan Poole,933,-3.5
Clint Capela,926,0.4
Ben Saraf,916,-7.3
Micah Peavy,913,-5.2
Karlo Matković,912,0.7
Josh Green,908,-0.7
Micah Potter,908,0.7
Isaiah Jackson,908,-1.2
Dylan Cardwell,907,-1.9
Dwight Powell,904,-1.4
Paul Reed,901,5.3
Jaden Hardy,898,-4.8
Quenton Jackson,897,-1.8
Jaylen Clark,888,-2.4
Cam Thomas,881,-5.2
Bryce McGowens,880,-2.9
Gabe Vincent,879,-4.3
Jonas Valančiūnas,871,0.0
Jevon Carter,867,-1.1
Trendon Watford,864,-1.9
Julian Strawther,861,-2.3
Jalen Wilson,859,-5.6
Caleb Martin,856,-2.2
Kenrich Williams,855,0.2
Kyle Anderson,853,0.4
Daeqwon Plowden,844,-4.4
Josh Minott,834,2.5
Javon Small,830,1.0
Jonathan Kuminga,830,-2.0
Jalen Green,828,-1.1
Vince Williams Jr.,820,-1.0
Buddy Hield,819,-1.0
Carter Bryant,818,-3.0
Nikola Jović,808,-3.5
Jalen Pickett,807,-2.3
Keegan Murray,793,-3.1
Aaron Holiday,781,-2.4
Tyrese Martin,777,-3.4
Kristaps Porziņģis,769,1.9
Jabari Walker,762,-2.7
Noah Penda,757,-1.5
Scoot Henderson,748,-2.2
Pete Nance,737,-2.3
Thomas Bryant,732,0.1
Steven Adams,730,-0.5
Lonzo Ball,728,-1.1
Tyler Kolek,727,-0.6
Leonard Miller,719,-1.3
Grant Williams,711,1.6
Nick Richards,701,-6.1
Sharife Cooper,700,-3.9
Devin Carter,700,-2.6
Jett Howard,695,-1.8
Jordan Hawkins,692,-6.2
Rasheer Fleming,673,-3.8
Jahmai Mashack,673,-7.0
Tristan Vukcevic,671,0.0
Jaden Ivey,670,0.0
Tre Mann,669,-5.3
Gary Harris,661,-2.5
Ethan Thompson,653,-4.9
Jamaree Bouyea,644,-0.4
Johnny Furphy,643,-3.7
Mohamed Diawara,634,-1.7
Zeke Nnaji,626,-3.5
Anthony Davis,626,2.4
Dorian Finney-Smith,620,-4.3
Kam Jones,616,-6.2
Kevin Love,613,0.2
Taurean Prince,611,-3.1
Jase Richardson,587,-2.5
Tidjane Salaün,575,-0.8
Ja Morant,569,-1.5
Domantas Sabonis,564,0.6
Dalton Knecht,553,-3.6
Drew Eubanks,552,-3.7
Dalen Terry,551,-1.7
Tyrese Proctor,545,-2.8
Elijah Harkless,545,-5.6
Terrence Shannon Jr.,538,-3.6
Keaton Wallace,536,-2.7
Moussa Cisse,530,-2.9
Cole Anthony,527,-4.7
Jayson Tatum,522,4.8
Jonathan Isaac,521,-1.6
Jamison Battle,517,-2.6
Asa Newell,500,-1.5
Ariel Hukporti,498,-2.3
Trayce Jackson-Davis,496,-0.4
D'Angelo Russell,495,-2.3
Taelon Peter,492,-4.6
Bez Mbeng,492,-4.9
Amir Coffey,490,-3.1
Branden Carlson,488,0.8
Jamal Cain,486,-1.4
Cam Christie,480,-4.6
Matisse Thybulle,480,4.4
Jeremy Sochan,469,-1.2
Maxi Kleber,461,-3.9
Marcus Sasser,457,-1.7
AJ Johnson,454,-8.9
Bogdan Bogdanović,452,-3.1
Tony Bradley,450,-4.2
Larry Nance Jr.,449,-3.4
Oscar Tshiebwe,448,-1.8
Doug McDermott,439,-4.4
Leaky Black,433,-5.3
Julian Phillips,428,-3.6
Moritz Wagner,427,-2.2
Yanic Konan Niederhäuser,424,-2.2
Obi Toppin,424,3.0
Khaman Maluach,411,-3.7
Myron Gardner,411,0.9
Andre Jackson Jr.,408,-7.1
Killian Hayes,406,-6.0
Jae'Sean Tate,405,-3.9
Julian Reese,402,-5.1
Dejounte Murray,389,1.4
Trae Young,384,2.8
Tyson Etienne,380,-2.8
Bronny James,375,-4.3
Nick Smith Jr.,375,-4.7
Cameron Payne,374,0.3
Liam McNeeley,368,-1.3
Blake Wesley,361,-3.6
Jeremiah Robinson-Earl,361,-5.2
Kelly Olynyk,360,-0.1
Malachi Smith,359,-0.8
Christian Koloko,357,-4.7
Kennedy Chandler,355,-5.7
Cam Whitmore,354,-3.3
E.J. Liddell,349,-3.3
Brooks Barnhizer,348,-3.1
Chaney Johnson,348,0.1
Isaiah Livers,347,-2.5
Lachlan Olbrich,344,-3.4
Ty Jerome,339,7.7
Ron Harper Jr.,318,1.1
Joan Beringer,314,0.4
Jalen Slawson,311,-0.4
Kevon Looney,308,-1.8
Tyler Burton,307,-5.3
Yang Hansen,300,-9.5
Pat Connaughton,297,0.1
LJ Cryer,292,-4.7
Max Strus,288,-1.2
Lindy Waters III,285,-3.2
Blake Hinson,285,-0.6
Zach Edey,284,0.5
Jordan McLaughlin,282,0.6
Keshad Johnson,280,-1.3
Malevy Leons,276,-2.8
Malaki Branham,275,-2.2
Cormac Ryan,271,-0.8
Chaz Lanier,262,-5.1
Duop Reath,258,-0.9
KJ Simpson,257,-5.1
John Poulakidas,253,-2.2
Jonathan Mogbo,249,-0.7
Adama-Alpha Bal,241,-5.4
Nate Williams,239,-5.0
Drew Timme,235,-2.2
DeJon Jarreau,231,-5.2
Chris Paul,228,-4.2
A.J. Lawson,226,-1.0
Lucas Williamson,224,-7.6
JD Davison,218,-1.1
Toby Okani,217,-10.7
PJ Hall,214,-2.3
Scotty Pippen Jr.,212,-2.8
DaRon Holmes,210,-0.5
Yuki Kawamura,209,-3.7
RayJ Dennis,206,-6.0
DeAndre Jordan,199,-0.2
Garrison Mathews,196,-1.3
MarJon Beauchamp,196,-1.6
Nigel Hayes-Davis,195,-7.3
Chris Youngblood,185,-2.3
Zach Collins,184,0.2
Dariq Whitehead,183,-8.0
Xavier Tillman Sr.,183,-1.8
Tre Scott,182,-5.3
Jeff Green,175,-5.6
Mason Plumlee,172,0.5
Andersson Garcia,169,-5.7
Tyler Smith,166,-4.8
Hunter Tyson,162,-6.8
Nikola Topić,160,-8.4
Kevin McCullar Jr.,155,-2.8
Walker Kessler,154,3.3
Joe Ingles,153,0.2
Charles Bassey,153,1.9
Adou Thiero,149,-4.4
Thanasis Antetokounmpo,148,-1.7
Alijah Martin,146,-4.3
Amari Williams,146,-2.1
Bismack Biyombo,141,-5.8
Tolu Smith,137,0.0
Pacôme Dadiet,136,-3.3
Mac McClung,135,-5.1
Miles Kelly,134,-5.1
Seth Curry,133,0.2
Bradley Beal,121,-10.6
Kobe Bufkin,119,-9.4
Kyle Lowry,118,-10.4
Dereck Lively II,115,0.6
Trey Alexander,111,-1.6
Omer Yurtseven,104,-7.6
Luke Travers,103,-3.2
Patrick Baldwin Jr.,102,-4.4
Alondes Williams,101,1.1
Taj Gibson,97,-3.5
Javonte Cooke,94,-11.7
Chris Boucher,94,-3.1
Isaiah Crawford,92,-3.0
Haywood Highsmith,91,3.8
Johnny Juzang,88,-3.3
TyTy Washington Jr.,88,1.9
Curtis Jones,88,-3.5
Tristan Enaruna,85,-1.0
Koby Brea,84,0.2
Trey Jemison,82,-8.6
Josh Oduro,82,-7.7
Caleb Houstan,75,0.3
Eric Gordon,74,2.4
Keshon Gilbert,74,-4.6
Garrett Temple,73,-4.9
David Roddy,73,0.0
Bobi Klintman,71,-8.7
David Jones García,68,6.4
Antonio Reeves,68,1.3
Kadary Richmond,67,3.6
Monte Morris,65,-5.9
Drew Peterson,64,-9.8
Payton Sandfort,63,-5.8
Dalano Banton,62,-4.0
Wendell Moore Jr.,60,-1.3
DaQuan Jeffries,60,-0.2
Jahmir Young,58,-6.7
James Wiseman,58,-9.0
Riley Minix,58,1.8
Johni Broome,55,-16.2
Cody Martin,55,-8.0
Lawson Lovering,49,-3.6
Chris Mañon,46,0.1
Mouhamadou Gueye,45,-3.9
Mo Bamba,44,-8.0
Zyon Pullin,43,-1.1
Isaiah Stevens,43,2.2
John Tonje,42,-5.1
Hunter Dickinson,42,-11.4
Dario Šarić,41,-9.0
CJ Huntley,40,-4.4
Dillon Jones,39,-2.6
Olivier Sarr,39,2.6
Skal Labissière,38,0.3
Enrique Freeman,37,0.0
Max Shulga,36,-11.5
Markelle Fultz,36,-16.3
Rocco Zikarsky,36,2.4
Isaac Jones,36,-8.1
Grant Nelson,35,2.2
Emanuel Miller,33,2.5
Jahmyl Telfort,32,-13.8
Sean Pedulla,31,-11.8
Harrison Ingram,26,2.3
Hunter Sallis,26,-10.6
Mark Sears,26,-2.2
Orlando Robinson,25,1.4
Hayden Gray,25,-5.3
Vladislav Goldin,24,-0.5
Norchad Omier,24,6.0
Alex Morales,24,-16.0
Jayson Kent,22,4.2
Alex Antetokounmpo,21,5.4
Colin Castleton,21,-7.7
Brandon Clarke,20,-4.9
Jacob Toppin,17,0.5
Chris Livingston,17,-2.7
Trevor Keels,15,-14.5
Buddy Boeheim,15,-8.4
N'Faly Dante,15,-4.5
Chucky Hepburn,13,-23.8
Tristen Newton,12,8.4
Tosan Evbuomwan,8,-11.5
Stanley Umude,7,0.4
Colby Jones,7,2.4
Noa Essengue,6,-23.7
Trentyn Flowers,6,-1.0
Darius Brown II,3,-18.7
Amen Thompson,264,2.3
Nikola Jokić,237,8.0
