Belgium vs Egypt,P,,,,,,,,,
L. Trossard,36,,,,,,,,,
K. De Bruyne,37,,,,,,,,,
B. Mechele,59,,,,,,,,,
T. Meunier,42,,,,,,,,,
A. Onana,36,,,,,,,,,
T. Castagne,25,,,,,,,,,
Y. Tielemans,43,,,,,,,,,
J. Doku,25,,,,,,,,,
N. Ngoy,70,,,,,,,,,
T. Courtois,11,,,,,,,,,
C. De Ketelaere,25,,,,,,,,,
N. Raskin,21,,,,,,,,,
M. De Cuyper,10,,,,,,,,,
R. Lukaku,6,,,,,,,,,
M. Fernandez-Pardo,3,,,,,,,,,
H. Vanaken,4,,,,,,,,,
Ahmed Fatouh,38,,,,,,,,,
Emam Ashour,28,,,,,,,,,
Hamdi Fathy,39,,,,,,,,,
Yasser Ibrahim,53,,,,,,,,,
Marwan Attia,50,,,,,,,,,
Mohamed Hany,32,,,,,,,,,
Mohanad Lasheen,30,,,,,,,,,
Mostafa Zico,21,,,,,,,,,
Mostafa Shobeir,30,,,,,,,,,
Mohamed Salah,18,,,,,,,,,
Omar Marmoush,13,,,,,,,,,
Ramy Rabia,21,,,,,,,,,
Zizo,7,,,,,,,,,
Hamza Abdelkarim,5,,,,,,,,,
Karim Hafez,7,,,,,,,,,
Ibrahim Adel,5,,,,,,,,,
Total,850,,,,,,,,,
,,,,,,,,,,
Spain vs Cabo Verde,,,,,,,,,,
,P,,,,,,,,,
Unai Simón,17,,,,,,,,,
Pau Cubarsí,109,,,,,,,,,
Rodri,126,,,,,,,,,
Marc Cucurella,67,,,,,,,,,
Aymeric Laporte,110,,,,,,,,,
Pedri,99,,,,,,,,,
Marcos Llorente,82,,,,,,,,,
Fabián Ruiz,75,,,,,,,,,
Ferran Torres,34,,,,,,,,,
Gavi,30,,,,,,,,,
Mikel Oyarzabal,10,,,,,,,,,
Lamine Yamal,19,,,,,,,,,
Mikel Merino,10,,,,,,,,,
Dani Olmo,10,,,,,,,,,
Nico Williams,2,,,,,,,,,
Dailon Livramento,4,,,,,,,,,
Kevin Pina,20,,,,,,,,,
Pico Lopes,41,,,,,,,,,
Ryan Mendes,18,,,,,,,,,
Vozinha,42,,,,,,,,,
Diney Borges,40,,,,,,,,,
Sidny Cabral,17,,,,,,,,,
Jamiro Monteiro,21,,,,,,,,,
Steven Moreira,27,,,,,,,,,
Jovane Cabral,13,,,,,,,,,
Laros Duarte,7,,,,,,,,,
Willy Semedo,9,,,,,,,,,
Nuno da Costa,6,,,,,,,,,
Deroy Duarte,8,,,,,,,,,
João Paulo,3,,,,,,,,,
Telmo Arcanjo,2,,,,,,,,,
Total,1078,,,,,,,,,
,,,,,,,,,,
,,,,,,,,,,
,,,,,,,,,,
Tunisia vs Sweden,,,,,,,,,,
,P,,,,,,,,,
G. Gudmundsson,23,,,,,,,,,
Y. Ayari,27,,,,,,,,,
J. Karlström,21,,,,,,,,,
A. Isak,17,,,,,,,,,
I. Hien,54,,,,,,,,,
V. Lindelöf,57,,,,,,,,,
K. Nordfeldt,28,,,,,,,,,
G. Lagerbielke,53,,,,,,,,,
V. Gyökeres,20,,,,,,,,,
A. Bernhardsson,21,,,,,,,,,
B. Nygren,16,,,,,,,,,
L. Bergvall,6,,,,,,,,,
E. Stroud,8,,,,,,,,,
M. Svanberg,2,,,,,,,,,
D. Svensson,3,,,,,,,,,
Anthony David Junior Elanga,0,,,,,,,,,
G. Nilsson,0,,,,,,,,,
A. Ben Slimane,33,,,,,,,,,
O. Rekik,48,,,,,,,,,
E. Skhiri,37,,,,,,,,,
E. Saad,20,,,,,,,,,
Y. Valery,18,,,,,,,,,
R. Khedira,15,,,,,,,,,
A. Chamakh,19,,,,,,,,,
M. Talbi,38,,,,,,,,,
H. Mejbri,54,,,,,,,,,
A. Abdi,21,,,,,,,,,
M. Ben Hmida,50,,,,,,,,,
S. Tounekti,4,,,,,,,,,
H. Mahmoud,6,,,,,,,,,
E. Achouri,2,,,,,,,,,
F. Chaouat,3,,,,,,,,,
I. Gharbi,3,,,,,,,,,
Total,727,,,,,,,,,
,,,,,,,,,,
,,,,,,,,,,
,,,,,,,,,,
Ivory Coast vs Ecuador,,,,,,,,,,
G,P,,,,,,,,,
E. Agbadou,61,,,,,,,,,
Y. Diomande,51,,,,,,,,,
Y. Fofana,25,,,,,,,,,
W. Singo,48,,,,,,,,,
G. Konan,41,,,,,,,,,
N. Pépé,31,,,,,,,,,
E. Wahi,10,,,,,,,,,
F. Kessie,59,,,,,,,,,
G. Doué,51,,,,,,,,,
S. Fofana,36,,,,,,,,,
B. Touré,15,,,,,,,,,
A. Diallo,17,,,,,,,,,
A. Bonny,6,,,,,,,,,
I. Sangaré,9,,,,,,,,,
C. Inao Oulaï,8,,,,,,,,,
O. Kossounou,2,,,,,,,,,
E. Valencia,8,,,,,,,,,
H. Galíndez,32,,,,,,,,,
M. Caicedo,60,,,,,,,,,
P. Vite,74,,,,,,,,,
A. Minda,15,,,,,,,,,
P. Hincapié,24,,,,,,,,,
J. Ordoñez,63,,,,,,,,,
W. Pacho,79,,,,,,,,,
A. Franco,42,,,,,,,,,
G. Plata,37,,,,,,,,,
J. Yeboah,25,,,,,,,,,
N. Angulo,8,,,,,,,,,
J. Porozo,12,,,,,,,,,
Á. Preciado,9,,,,,,,,,
K. Rodríguez,4,,,,,,,,,
Total,962,,,,,,,,,
,,,,,,,,,,
,,,,,,,,,,
,,,,,,,,,,
,,,,,,,,,,
Netherlands vs Japan,,,,,,,,,,
G,P,,,,,,,,,
T. Reijnders,22,,,,,,,,,
B. Verbruggen,30,,,,,,,,,
F. de Jong,73,,,,,,,,,
J. van Hecke,95,,,,,,,,,
D. Dumfries,38,,,,,,,,,
C. Summerville,29,,,,,,,,,
C. Gakpo,36,,,,,,,,,
M. van de Ven,42,,,,,,,,,
V. van Dijk,103,,,,,,,,,
D. Malen,8,,,,,,,,,
R. Gravenberch,25,,,,,,,,,
T. Koopmeiners,1,,,,,,,,,
Q. Timber,5,,,,,,,,,
M. Depay,7,,,,,,,,,
N. Aké,10,,,,,,,,,
B. Brobbey,0,,,,,,,,,
S. Taniguchi,50,,,,,,,,,
K. Sano,31,,,,,,,,,
A. Ueda,5,,,,,,,,,
D. Maeda,5,,,,,,,,,
H. Ito,41,,,,,,,,,
D. Kamada,59,,,,,,,,,
Z. Suzuki,20,,,,,,,,,
K. Nakamura,31,,,,,,,,,
T. Watanabe,21,,,,,,,,,
R. Doan,14,,,,,,,,,
T. Kubo,16,,,,,,,,,
J. Ito,14,,,,,,,,,
T. Tomiyasu,20,,,,,,,,,
Y. Sugawara,12,,,,,,,,,
K. Ogawa,1,,,,,,,,,
K. Shiogai,1,,,,,,,,,
Total,865,,,,,,,,,
,,,,,,,,,,
Curacao vs Germany,,,,,,,,,,
G,P,,,,,,,,,
N. Schlotterbeck,86,,,,,,,,,
K. Havertz,41,,,,,,,,,
J. Musiala,26,,,,,,,,,
J. Kimmich,73,,,,,,,,,
A. Pavlović,72,,,,,,,,,
F. Wirtz,64,,,,,,,,,
F. Nmecha,40,,,,,,,,,
N. Brown,36,,,,,,,,,
L. Sané,50,,,,,,,,,
J. Tah,71,,,,,,,,,
M. Neuer,22,,,,,,,,,
D. Undav,12,,,,,,,,,
D. Raum,7,,,,,,,,,
A. Rüdiger,17,,,,,,,,,
L. Goretzka,13,,,,,,,,,
W. Anton,7,,,,,,,,,
J. Locadia,14,,,,,,,,,
L. Bacuna,56,,,,,,,,,
D. Fonville,20,,,,,,,,,
A. Obispo,41,,,,,,,,,
E. Room,28,,,,,,,,,
J. Bacuna,33,,,,,,,,,
T. Chong,19,,,,,,,,,
R. Bazoer,35,,,,,,,,,
S. Hansen,7,,,,,,,,,
S. Floranus,34,,,,,,,,,
L. Comenencia,26,,,,,,,,,
J. Antonisse,21,,,,,,,,,
J. Margaritha,5,,,,,,,,,
G. Kastaneer,4,,,,,,,,,
Total,980,,,,,,,,,
,,,,,,,,,,
,,,,,,,,,,
,,,,,,,,,,
,,,,,,,,,,
,,,,,,,,,,
Turkey vs Australia,,,,,,,,,,
G,C,,,,,,,,,
M. Touré,3,,,,,,,,,
H. Souttar,23,,,,,,,,,
C. Metcalfe,15,,,,,,,,,
A. O'Neill,32,,,,,,,,,
J. Italiano,16,,,,,,,,,
A. Circati,26,,,,,,,,,
P. Okon-Engstler,36,,,,,,,,,
N. Irankunda,7,,,,,,,,,
P. Beach,35,,,,,,,,,
C. Burgess,41,,,,,,,,,
J. Bos,23,,,,,,,,,
N. Velupillay,5,,,,,,,,,
T. Yengi,4,,,,,,,,,
J. Geria,2,,,,,,,,,
J. Irvine,2,,,,,,,,,
A. Behich,1,,,,,,,,,
A. Bardakcı,96,,,,,,,,,
F. Kadıoğlu,102,,,,,,,,,
O. Kökçü,36,,,,,,,,,
H. Çalhanoğlu,105,,,,,,,,,
A. Güler,73,,,,,,,,,
M. Demiral,62,,,,,,,,,
İ. Yüksek,57,,,,,,,,,
U. Çakır,20,,,,,,,,,
B. Yılmaz,17,,,,,,,,,
Z. Çelik,33,,,,,,,,,
K. Aktürkoğlu,11,,,,,,,,,
K. Yıldız,40,,,,,,,,,
Y. Akgün,21,,,,,,,,,
M. Müldür,14,,,,,,,,,
S. Özcan,17,,,,,,,,,
D. Gül,0,,,,,,,,,
Total,975,,,,,,,,,
,,,,,,,,,,
,,,,,,,,,,
Haiti vs Scotland,,,,,,,,,,
G,P,,,,,,,,,
M. Expérience,43,,,,,,,,,
H. Delcroix,66,,,,,,,,,
J. Placide,31,,,,,,,,,
J. Bellegarde,66,,,,,,,,,
R. Adé,63,,,,,,,,,
F. Pierrot,6,,,,,,,,,
D. Jean Jacques,53,,,,,,,,,
C. Arcus,35,,,,,,,,,
L. Deedson,8,,,,,,,,,
W. Isidor,9,,,,,,,,,
R. Providence,24,,,,,,,,,
J. Casimir,20,,,,,,,,,
L. Joseph,4,,,,,,,,,
Y. Fortuné,3,,,,,,,,,
L. Shankland,16,,,,,,,,,
L. Ferguson,44,,,,,,,,,
A. Hickey,35,,,,,,,,,
B. Gannon-Doak,23,,,,,,,,,
G. Hanley,50,,,,,,,,,
J. Hendry,56,,,,,,,,,
S. McTominay,29,,,,,,,,,
A. Robertson,42,,,,,,,,,
C. Adams,11,,,,,,,,,
J. McGinn,11,,,,,,,,,
A. Gunn,37,,,,,,,,,
N. Patterson,4,,,,,,,,,
R. Christie,5,,,,,,,,,
L. Dykes,6,,,,,,,,,
K. McLean,2,,,,,,,,,
F. Curtis,3,,,,,,,,,
Total,805,,,,,,,,,
,,,,,,,,,,
,,,,,,,,,,
,,,,,,,,,,
Brazil vs Morocco,,,,,,,,,,
,P,,,,,,,,,
Roger Ibañez,17,,,,,,,,,
Marquinhos,79,,,,,,,,,
Lucas Paquetá,39,,,,,,,,,
Raphinha,31,,,,,,,,,
Bruno Guimarães,38,,,,,,,,,
Casemiro,18,,,,,,,,,
Alisson Becker,27,,,,,,,,,
Gabriel Magalhães,85,,,,,,,,,
Douglas Santos,62,,,,,,,,,
Igor Thiago,6,,,,,,,,,
Vinícius Júnior,31,,,,,,,,,
Fabinho,17,,,,,,,,,
Danilo,38,,,,,,,,,
Luiz Henrique,13,,,,,,,,,
Matheus Cunha,9,,,,,,,,,
Danilo Santos,4,,,,,,,,,
A. Ounahi,36,,,,,,,,,
I. Diop,53,,,,,,,,,
A. Bouaddi,66,,,,,,,,,
N. Mazraoui,32,,,,,,,,,
B. El Khannouss,28,,,,,,,,,
N. El Aynaoui,53,,,,,,,,,
B. Díaz,19,,,,,,,,,
C. Riad,40,,,,,,,,,
I. Saibari,24,,,,,,,,,
A. Hakimi,47,,,,,,,,,
Y. Bounou,35,,,,,,,,,
C. Talbi,9,,,,,,,,,
S. El Mourabet,26,,,,,,,,,
A. Amaimouni-Echghouyab,5,,,,,,,,,
A. Salah-Eddine,11,,,,,,,,,
S. Rahimi,2,,,,,,,,,
Total,1000,,,,,,,,,
,,,,,,,,,,
,,,,,,,,,,
,,,,,,,,,,
Qatar vs Switzerland,,,,,,,,,,
G,P,,,,,,,,,
Homam El Amin,26,,,,,,,,,
Boualem Khoukhi,35,,,,,,,,,
Yusuf Abdurisag,8,,,,,,,,,
Akram Afif,29,,,,,,,,,
Edmílson Junior,11,,,,,,,,,
Jassem Gaber,5,,,,,,,,,
Pedro Miguel,21,,,,,,,,,
Ayoub Al Oui,8,,,,,,,,,
Issa Laye,33,,,,,,,,,
Assim Madibo,21,,,,,,,,,
Mahmud Abunada,31,,,,,,,,,
Ahmed Alaa,5,,,,,,,,,
Karim Boudiaf,21,,,,,,,,,
Ahmed Fathy,17,,,,,,,,,
Mohammad Al Mannai,5,,,,,,,,,
Hassan Al Haydos,2,,,,,,,,,
R. Freuler,50,,,,,,,,,
M. Akanji,102,,,,,,,,,
D. Zakaria,56,,,,,,,,,
M. Aebischer,34,,,,,,,,,
N. Elvedi,92,,,,,,,,,
R. Rodríguez,61,,,,,,,,,
R. Vargas,29,,,,,,,,,
B. Embolo,8,,,,,,,,,
G. Xhaka,74,,,,,,,,,
D. Ndoye,20,,,,,,,,,
G. Kobel,18,,,,,,,,,
F. Rieder,5,,,,,,,,,
J. Manzambi,10,,,,,,,,,
Z. Amdouni,4,,,,,,,,,
A. Jashari,9,,,,,,,,,
M. Muheim,4,,,,,,,,,
Total,854,,,,,,,,,
,,,,,,,,,,
,,,,,,,,,,
,,,,,,,,,,
USA vs Panama,,,,,,,,,,
G,P,,,,,,,,,ps
F. Balogun,15,,,,,,,,,
M. Tillman,38,,,,,,,,,
T. Ream,90,,,,,,,,,
T. Adams,59,,,,,,,,,
S. Dest,34,,,,,,,,,
M. Freese,20,,,,,,,,,
C. Richards,84,,,,,,,,,
A. Robinson,57,,,,,,,,,
A. Freeman,74,,,,,,,,,
W. McKennie,51,,,,,,,,,
C. Pulisic,22,,,,,,,,,
S. Berhalter,28,,,,,,,,,
R. Pepi,3,,,,,,,,,
T. Weah,14,,,,,,,,,
G. Reyna,9,,,,,,,,,
J. Cáceres,31,,,,,,,,,
D. Gómez,27,,,,,,,,,
J. Alonso,36,,,,,,,,,
J. Enciso,25,,,,,,,,,
G. Gómez,29,,,,,,,,,
O. Alderete,32,,,,,,,,,
A. Sanabria,9,,,,,,,,,
A. Cubas,31,,,,,,,,,
O. Gill,25,,,,,,,,,
M. Almirón,23,,,,,,,,,
D. Bobadilla,10,,,,,,,,,
Mauricio,20,,,,,,,,,
Á. Arce,6,,,,,,,,,
G. Velázquez,3,,,,,,,,,
R. Sosa,3,,,,,,,,,
A. Romero,9,,,,,,,,,
Total,917,,,,,,,,,